{
  "name": "Arduino Nano LED Blink (No Resistor)",
  "category": "Beginner Arduino Circuits",
  "description": "Basic LED blink using Arduino Nano without any resistor. LED is connected directly to a digital pin to demonstrate the simplest blinking example.",
  
  "componentsUsed": [
    "Arduino Nano",
    "LED (Red)",
    "Jumper Wires"
  ],

  "connections": [
    "Arduino Nano D13 → LED Anode (+)",
    "LED Cathode (-) → Arduino GND",
    "Arduino Nano connected to USB or 5V power supply",
    "Upload Blink code to Arduino to make LED blink"
  ],

  "howItWorks": "Arduino toggles the D13 pin HIGH and LOW with a delay, causing the LED to blink. The LED is connected directly without resistor, which works for demonstration but is not safe for long-term use.",

  "powerNotes": "Arduino Nano is powered through USB or 5V external supply.",
  
  "safetyNotes": [
    "Not recommended for continuous use because LED can draw excess current.",
    "Pin D13 has an onboard resistor but still use caution."
  ]
}
